masa_panen,arus,Salinitas,suhu,total_produksi,modal
2011/08/10,,33,30,1950,182520
2011/08/11,,33,29,952,89107
2011/08/14,,33,30,1557,145735
2011/08/14,,33,30,1225,114660
2011/08/14,,33,30,978,915408
2011/08/17,,33,30,1175,109980
2011/08/17,,33,30,889,83210
2011/08/17,,33,30,2250,210600
2011/08/17,,33,30,125,11700
2011/08/18,,33,29,957,89575
2011/02/21,,33,31,802,60054
2011/02/21,,33,31,906,67841
2011/10/04,,33,31,11000,823680
2011/10/04,,33,31,1330,99590
2011/10/08,,33,28,890,66643
2011/10/08,,33,28,185,13853
2011/10/09,,33,30,957,71660
2011/10/10,,33,30,762,57059
2012/12/30,0.65,33,28,7020,591365
2012/01/31,0.65,33,28,1550,130572
2012/01/31,0.65,33,28,905,76237
2012/02/04,0.22,33,28,1200,101088
2012/02/05,0.22,33,29,500,42120
2012/02/05,0.22,33,29,502,42288
2012/07/05,0.36,33,29,2300,150696
2012/07/05,0.36,33,29,125,8190
2012/07/05,0.36,33,29,2057,134775
2012/07/07,0.36,33,29,950,62244
2012/07/07,0.36,33,29,1300,85176
2012/07/08,0.36,33,30,1850,121212
2012/07/09,0.17,33,30,1300,85176
2012/07/10,0.17,33,30,800,52416
2012/07/10,0.17,33,30,1250,81900
2012/07/10,0.17,33,30,956,62637
2012/08/05,0.28,33,30,976,63948
2012/08/10,0.28,33,31,750,49140
2012/08/10,0.28,33,31,700,45864
2012/08/11,0.28,33,31,600,39312
2012/08/12,0.28,33,31,852,55823
2012/08/15,0.28,33,31,1170,76658
2012/08/16,0.28,33,31,1350,88452
2012/08/17,0.28,33,31,850,55692
2012/08/20,0.32,33,32,1150,75348
2012/08/22,0.32,33,32,650,42588
2012/08/26,0.32,33,31,748,56010
2012/08/26,0.32,33,31,1047,78399
2012/08/26,0.32,33,31,467,34969
2012/08/26,0.32,33,31,1119,83791
2012/08/26,0.32,33,31,167,12505
2012/08/26,0.32,33,31,1038,77725
2012/08/26,0.32,33,31,1200,89856
2012/08/26,0.32,33,31,1100,82368
2012/08/26,0.32,33,31,1230,92102
2012/08/28,0.10,33,30,1267,91129
2012/08/28,0.10,33,30,1680,125798
2012/08/28,0.10,33,30,604,45228
2012/08/28,0.10,33,30,345,25834
2012/08/28,0.10,33,30,1094,81825
2012/08/28,0.10,33,30,202,15126
2012/08/31,0.10,33,31,1277,95622
2012/08/31,0.10,33,31,481,31515
2012/08/31,0.10,33,31,729,47764
2012/08/31,0.10,33,31,144,9435
2012/08/31,0.10,33,31,193,12692
2012/08/31,0.10,33,31,757,49599
2012/08/31,0.10,33,31,823,32760
2012/09/02,0.10,33,31,501,28136
2012/09/02,0.10,33,31,182,10221
2012/09/02,0.10,33,31,1490,97625
2012/09/02,0.10,33,31,46,2583
2012/09/03,0.21,33,31,1740,97718
2012/09/03,0.21,33,31,328,21491
2012/09/05,0.21,33,33,181,11859
2012/09/05,0.21,33,33,716,46922
2012/09/05,0.21,33,33,349,22866
2012/09/05,0.21,33,33,658,36953
2012/09/05,0.21,33,33,1206,71211
2012/09/06,0.21,33,32,194,12720
2012/09/06,0.21,33,32,626,41016
2012/09/06,0.21,33,32,662,37178
2012/09/06,0.21,33,32,481,29550
2012/09/06,0.21,33,32,502,28192
2012/09/08,0.21,33,32,947,62047
2012/09/08,0.21,33,32,1362,89238
2012/09/08,0.21,33,32,929,60868
2012/09/09,0.21,33,31,230,15070
2012/09/09,0.21,33,31,963,63096
2012/09/09,0.21,33,31,1065,69779
2012/09/10,0.16,33,31,301,19722
2012/09/10,0.16,33,31,206,134971
2012/09/10,0.16,33,31,298,19525
2012/09/12,0.16,33,32,1669,109353
2012/09/12,0.16,33,32,502,32891
2012/09/13,0.16,33,32,1320,87011
2012/09/13,0.16,33,32,1302,85307
2012/09/13,0.16,33,32,293,19197
2012/09/14,0.16,33,33,203,133268
2012/09/15,0.16,33,33,820,53726
2012/09/16,0.16,33,32,1134,74300
2012/09/16,0.16,33,32,1221,80000
2012/09/17,0.54,33,32,1197,78427
2012/09/17,0.54,33,32,759,49739
2012/09/21,0.54,33,32,998,65389
2012/09/24,0.54,33,32,1960,128419
2012/09/27,0.54,33,32,2654,173890
2012/09/28,0.54,33,32,303,193743
2012/09/30,0.54,33,32,1189,109746
2012/10/04,0.54,33,32,1675,109746
2012/10/07,0.54,33,31,297,19459
2012/10/07,0.54,33,31,625,40950
2012/10/24,0.23,33,33,1050,68796
2012/10/29,0.23,33,31,610,39967
2012/11/05,0.18,33,30,596,44628
2012/11/11,0.18,33,32,418,31300
2012/12/01,0.29,33,31,300,22464
2013/01/02,0.57,33,28,320,23962
2013/01/05,0.57,33,28,350,26208
2013/01/10,0.57,33,29,500,37440
2013/01/12,0.57,33,29,703,59221
2013/01/13,0.57,33,29,750,63180
2013/01/16,0.27,33,27,520,43805
2013/01/17,0.27,33,28,533,44900
2013/01/18,0.27,33,27,184,15500
2013/01/18,0.27,33,27,462,38919
2013/01/18,0.27,33,27,900,17438
2013/01/19,0.27,33,28,330,27799
2013/01/21,0.49,33,28,770,64865
2013/01/22,0.49,33,28,607,51134
2013/01/23,0.49,33,28,1163,97971
2013/01/24,0.49,33,28,320,26957
2013/01/28,0.49,33,28,661,55683
2013/01/29,0.49,33,27,1220,102773
2013/05/15,0.44,33,30,328,46051
2013/05/19,0.44,33,29,475,66690
2013/05/20,0.32,33,30,601,90006
2013/05/21,0.32,33,29,428,64097
2013/06/04,0.05,33,29,502,75180
2013/06/05,0.05,33,29,603,95949
2013/07/08,0.01,33,30,2500,280800
2013/07/10,0.01,33,29,4300,482976
2013/07/14,0.01,33,28,1250,140400
2013/07/14,0.01,33,28,750,84240
2013/07/14,0.01,33,28,500,56160
2013/07/15,0.07,33,29,720,80870
2013/07/15,0.07,33,29,570,64022
2013/07/15,0.07,33,29,420,47174
2013/07/15,0.07,33,29,830,93226
2013/07/15,0.07,33,29,420,47174
2013/07/16,0.07,33,28,570,64022
2013/07/16,0.07,33,28,470,52790
2013/07/16,0.07,33,28,720,80870
2013/10/05,0.17,33,31,320,35942
2013/10/05,0.17,33,31,200,22464
2013/10/05,0.17,33,31,400,44928
2013/10/07,0.17,33,30,630,70762
2013/10/07,0.17,33,30,300,33696
2013/10/09,0.17,33,30,420,47174
2013/10/09,0.17,33,30,370,41558
2013/10/09,0.17,33,30,470,52790
2013/10/11,0.17,33,31,780,87610
2013/10/11,0.17,33,31,420,47174
2013/10/12,0.17,33,32,310,34819
2013/10/13,0.17,33,30,400,44928
2013/10/13,0.17,33,30,400,44928
2013/10/13,0.17,33,30,220,24710
2013/10/15,0.37,33,31,300,33696
2013/10/15,0.37,33,31,570,64022
2013/10/17,0.37,33,31,270,50544
2013/10/17,0.37,33,31,450,50544
2013/10/17,0.37,33,31,780,87610
2013/10/17,0.37,33,31,250,28080
2013/10/18,0.37,33,29,250,28080
2013/12/13,0.27,33,29,318,35718
2013/12/16,0.27,33,29,721,80983
2013/12/16,0.27,33,29,350,39312
2013/12/16,0.27,33,29,100,11232
2013/12/16,0.27,33,29,109,12243
2013/12/27,0.63,33,30,510,57283
2013/12/27,0.63,33,30,407,45714
2013/12/27,0.63,33,30,400,48672
2014/01/01,0.20,33,27,731,88948
2014/01/01,0.20,33,27,380,46238
2014/01/01,0.20,33,27,306,37234
2014/01/01,0.20,33,27,129,15697
2014/01/01,0.20,33,27,500,60840
2014/01/01,0.20,33,27,128,15575
2014/01/01,0.20,33,27,87,10586
2014/01/01,0.20,33,27,60,7301
2014/01/04,0.20,33,29,257,31272
2014/01/04,0.20,33,29,69,8396
2014/01/04,0.20,33,29,50,6084
2014/01/08,0.13,33,27,509,61935
2014/01/08,0.13,33,27,360,43805
2014/01/08,0.13,33,27,460,55973
2014/01/08,0.13,33,27,540,65707
2014/01/09,0.13,33,29,24,2920
2014/01/09,0.13,33,29,1188,144556
2014/01/13,0.13,33,27,219,28698
2014/01/13,0.13,33,27,586,71304
2014/01/13,0.13,33,27,277,33705
2014/01/13,0.13,33,27,349,42466
2014/01/13,0.13,33,27,121,14723
2014/01/14,0.13,33,27,414,50376
2014/01/17,0.13,33,27,96,11681
2014/01/17,0.13,33,27,472,57433
2014/01/17,0.13,33,27,163,19834
2014/01/17,0.13,33,27,157,19104
2014/01/17,0.13,33,27,80,9734
2014/01/17,0.13,33,27,300,36504
2014/01/29,0.13,33,26,365,44413
2014/01/29,0.13,33,26,478,58163
2014/01/29,0.13,33,26,520,63274
2014/01/29,0.13,33,26,194,23606
2014/01/29,0.13,33,26,120,14602
2014/01/30,0.13,33,28,518,63030
2014/02/02,0.13,33,28,368,44778
2014/02/02,0.13,33,28,131,15940
2014/02/02,0.13,33,28,277,33705
2014/02/02,0.13,33,28,62,7544
2014/02/02,0.13,33,28,400,48672
2014/02/09,0.08,33,27,476,57920
2014/02/09,0.08,33,27,232,28230
2014/02/18,0.14,33,28,25,2808
2014/02/18,0.14,33,28,42,3931
2014/02/18,0.14,33,28,23,2583
2014/02/19,0.14,33,29,305,37112
2014/02/19,0.14,33,29,281,34192
2014/02/19,0.14,33,29,367,44657
2014/02/19,0.14,33,29,345,41980
2014/02/20,0.14,33,29,214,26040
2014/02/20,0.14,33,29,74,9004
2014/02/22,0.14,33,27,405,49280
2014/02/22,0.14,33,27,441,53661
2014/02/23,0.14,33,28,714,86880
2014/02/23,0.14,33,28,619,75320
2014/02/23,0.14,33,28,16,1947
2014/02/24,0.22,33,27,619,75320
2014/02/24,0.22,33,27,714,86880
2014/03/14,0.12,33,28,450,63180
2014/03/14,0.12,33,28,400,52416
2014/03/14,0.12,33,28,600,84240
2014/03/14,0.12,33,28,1300,182520
2014/03/14,0.12,33,28,300,42120
2014/03/24,0.01,33,28,1811,254264
2014/03/24,0.01,33,28,211,29624
2014/03/25,0.01,33,28,136,19094
2014/03/25,0.01,33,28,500,105300
2014/03/25,0.01,33,28,266,37346
2014/03/25,0.01,33,28,240,33696
2014/03/25,0.01,33,28,216,30326
2014/03/28,0.01,33,30,150,21060
2014/03/28,0.01,33,30,122,17129
2014/04/09,0.06,33,29,685,102586
2014/04/10,0.06,33,29,325,48672
2014/04/17,0.25,33,30,287,42981
2014/04/17,0.25,33,30,872,130591
2014/04/22,0.05,33,30,823,130956
2014/04/22,0.05,33,30,210,33415
2014/04/22,0.05,33,30,72,10109
2014/04/22,0.05,33,30,256,40735
2014/05/05,0.08,33,30,69,12917
2014/05/05,0.08,33,30,207,38750
2014/05/05,0.08,33,30,101,18907
2014/05/05,0.08,33,30,170,31824
2014/05/05,0.08,33,30,916,171475
2014/05/05,0.08,33,30,55,10296
2014/05/05,0.08,33,30,243,45490
2014/05/05,0.08,33,30,47,8798
2014/05/05,0.08,33,30,43,8050
2014/05/05,0.08,33,30,90,16848
2014/05/07,0.08,33,30,12,2246
2014/05/12,0.25,33,30,361,62712
2014/05/17,0.25,33,29,335,62712
2014/05/20,0.25,33,29,169,31637
2014/05/23,0.25,33,30,414,85251
2014/05/25,0.25,33,30,690,142085
2014/05/25,0.25,33,30,118,24299
2014/05/25,0.25,33,30,228,46950
2014/05/25,0.25,33,30,35,7207
2014/05/25,0.25,33,30,155,31918
2014/05/25,0.25,33,30,451,92870
2014/05/26,0.01,33,30,351,72278
2014/05/26,0.01,33,30,208,42831
2014/08/05,0.01,33,30,3000,336960
2014/08/05,0.01,33,30,1700,190944
2014/08/05,0.01,33,30,1600,179712
2014/08/05,0.01,33,30,2700,303264
2014/08/05,0.01,33,30,1700,190944
2014/08/05,0.01,33,30,3200,359424
2014/08/05,0.01,33,30,6000,673920
2014/08/05,0.01,33,30,1300,146016
2014/08/05,0.01,33,30,1700,190944
2014/08/05,0.01,33,30,1500,168480
2014/08/05,0.01,33,30,3400,381888
2014/08/05,0.01,33,30,2400,269568
2014/08/05,0.01,33,30,2300,258336
2014/08/05,0.01,33,30,1300,146016
2014/08/05,0.01,33,30,3700,415584
2014/08/05,0.01,33,30,870,97718
2014/08/05,0.01,33,30,1200,134784
2014/08/05,0.01,33,30,1700,134784
2014/08/05,0.01,33,30,1200,190944
2014/08/05,0.01,33,30,1700,123552
2014/08/05,0.01,33,30,1200,134784
2014/08/05,0.01,33,30,1070,120182
2014/08/05,0.01,33,30,2700,303264
2014/08/05,0.01,33,30,1700,190944
2014/08/05,0.01,33,30,1100,123552
2014/08/22,0.01,33,30,1200,134784
2014/08/23,0.01,33,30,1070,120182
2014/08/24,0.01,33,30,2700,303264
2014/08/25,0.40,33,30,1700,190944
2014/09/09,0.16,33,31,4700,527904
2014/09/09,0.16,33,31,2600,292032
2014/09/09,0.16,33,31,1193,133998
2014/09/10,0.16,33,30,897,100751
2014/09/10,0.16,33,30,1170,131414
2014/09/10,0.16,33,30,570,64022
2014/09/10,0.16,33,30,740,83117
2014/09/10,0.16,33,30,643,72222
2014/09/18,0.38,33,31,730,81994
2014/09/18,0.38,33,31,631,70874
2014/09/19,0.38,33,31,345,38750
2014/09/19,0.38,33,31,1051,118048
2014/09/20,0.38,33,31,1163,130628
2014/09/20,0.38,33,31,1138,127820
2014/09/20,0.38,33,31,359,40323
2014/09/22,0.38,33,30,1859,208803
2014/09/22,0.38,33,30,268,30102
2014/09/22,0.38,33,30,863,88854
2014/09/22,0.38,33,30,74,8312
2014/09/22,0.38,33,30,679,69910
2014/09/27,0.38,33,31,327,36729
9544/04/09,0.38,33,31,820,92102
2014/09/27,0.38,33,31,500,51480
2014/09/27,0.38,33,31,860,96595
2014/09/27,0.38,33,31,502,51480
2014/09/27,0.38,33,31,826,96595
2014/09/27,0.38,33,31,679,51686
2014/09/28,0.38,33,31,2536,92776
2014/09/29,0.23,33,31,6046,69910
2014/09/29,0.23,33,31,296,261107
2014/09/30,0.23,33,31,558,261107
2014/09/30,0.23,33,31,1008,622496
2014/09/30,0.23,33,31,142,622496
2014/10/07,0.24,33,31,350,32760
2014/10/07,0.24,33,31,470,43992
2014/10/07,0.24,33,31,250,23400
2014/10/07,0.24,33,31,575,53820
2014/10/10,0.24,33,31,472,44179
2014/10/10,0.24,33,31,265,24804
2014/10/10,0.24,33,31,362,33883
2014/10/10,0.24,33,31,257,24055
2014/10/10,0.24,33,31,650,60840
2014/10/10,0.24,33,31,460,43056
2014/10/10,0.24,33,31,57200,5353920
2014/10/10,0.24,33,31,450,42120
2014/10/20,0.24,33,31,286,26770
2014/10/20,0.24,33,31,560,52416
2014/10/27,0.01,33,31,520,48672
2014/10/27,0.01,33,31,520,48672
2014/10/27,0.01,33,31,200,18720
2014/10/27,0.01,33,31,486,45490
2015/04/01,0.13,33,29,1000,374400
2015/04/05,0.13,33,29,700,117936
2015/04/05,0.13,33,29,800,134784
2015/04/05,0.13,33,29,1200,202176
2015/04/05,0.13,33,29,900,151632
2015/04/05,0.13,33,29,700,117936
2015/04/05,0.13,33,29,650,109512
2015/04/05,0.13,33,29,700,117936
2015/04/05,0.13,33,29,600,101088
2015/04/10,0.13,33,30,1200,202176
2015/04/10,0.13,33,30,500,84240
2015/04/10,0.13,33,30,780,131414
2015/04/12,0.13,33,31,500,84240
2015/04/14,0.02,33,30,600,101088
2015/04/17,0.02,33,28,750,126360
2015/04/17,0.02,33,28,900,117936
2015/04/18,0.02,33,30,700,374400
2015/05/11,0.08,34,30,700,262080
2015/08/14,0.34,34,30,692,64771
2015/08/14,0.34,34,30,237,22183
2015/08/14,0.34,34,30,3040,284544
2015/08/14,0.34,34,30,337,31543
2015/08/14,0.34,34,30,253,23681
2015/08/14,0.34,34,30,183,17129
2015/08/18,0.28,34,30,719,60569
2015/08/18,0.28,34,30,583,49112
2015/08/18,0.28,34,30,675,56862
2015/08/18,0.28,34,30,692,58294
2015/08/18,0.28,34,30,308,25946
2015/08/21,0.28,34,30,1179,99319
2015/08/21,0.28,34,30,6019,507041
2015/08/22,0.28,34,30,2126,179094
2015/08/22,0.28,34,30,388,32685
2015/08/22,0.28,34,30,917,77248
2015/08/22,0.28,34,30,356,29989
2015/08/23,0.28,34,30,452,38076
2015/08/23,0.28,34,30,382,32180
2015/08/25,0.34,34,31,174,14658
2015/08/25,0.34,34,31,146,12299
2015/08/25,0.34,34,31,803,67645
2015/12/03,0.28,33,31,543,50825
2015/12/04,0.28,33,31,535,50076
2015/12/05,0.28,33,29,228,21341
2015/12/05,0.28,33,29,220,20592
2015/12/08,0.25,33,30,384,35942
2015/12/09,0.25,33,30,194,18158
2015/12/15,0.53,33,28,470,43992
2015/12/15,0.53,33,28,359,33602
2015/12/15,0.53,33,28,150,14040
2015/12/16,0.53,33,28,500,46800
2015/12/16,0.53,33,28,700,65520
2015/12/17,0.53,33,28,500,46800
2015/12/17,0.53,33,28,400,37440
2015/12/19,0.53,33,29,310,29016
2015/12/23,0.60,33,30,760,71136
2015/12/23,0.60,33,30,2070,193752
2015/12/23,0.60,33,30,260,24336
2015/12/27,0.60,33,30,1000,93600
2015/12/29,0.32,33,31,300,28080
2015/12/29,0.32,33,31,550,51480
2016/01/05,0.15,33,29,190,17784
2016/01/05,0.15,33,29,425,39780
2016/01/05,0.15,33,29,435,40716
2016/01/12,0.12,33,30,426,39874
2016/01/12,0.12,33,30,550,66924
2016/01/12,0.12,33,30,38,4980
2016/01/16,0.12,33,30,964,99253
2016/01/17,0.12,33,32,300,30888
2016/01/17,0.12,33,32,400,41184
2016/01/19,0.13,33,31,371,41671
2016/01/31,0.13,33,29,470,52790
2016/01/31,0.13,33,29,183,20555
2016/02/01,0.29,33,29,649,72896
2016/02/01,0.29,33,29,641,71997
2016/02/03,0.29,33,28,141,15837
2016/02/20,0.22,33,30,1156,129842
2016/02/23,0.22,33,30,146,16399
2016/02/25,0.22,33,28,731,82106
2016/02/25,0.22,33,28,191,21453
2016/02/28,0.01,33,29,745,83678
2016/02/28,0.01,33,29,1133,127259
2016/03/08,0.09,33,30,487,54700
2016/03/14,0.26,33,29,682,76602
2016/03/14,0.26,33,29,605,67954
2016/03/14,0.26,33,29,152,17073
2016/03/15,0.26,33,30,381,42794
2016/03/15,0.26,33,30,676,75928
2016/03/15,0.26,33,30,478,53689
2016/03/15,0.26,33,30,255,28642
2016/03/16,0.26,33,29,403,45265
2016/03/16,0.26,33,29,1064,119508
2016/03/16,0.26,33,29,435,48859
2016/03/19,0.26,33,30,482,54138
2016/03/19,0.26,33,30,352,39537
2016/03/19,0.26,33,30,1089,122316
2016/04/02,0.37,33,30,962,108052
2016/04/02,0.37,33,30,874,98168
2016/04/07,0.19,33,30,398,44703
2016/04/09,0.19,33,30,120,13478
2016/04/09,0.19,33,30,206,23138
2016/04/10,0.19,33,30,637,71548
2016/04/10,0.19,33,30,190,21341
2016/04/11,0.05,33,30,559,62787
2016/04/12,0.05,33,30,231,25946
2016/04/14,0.05,33,30,494,55486
2016/05/07,0.10,33,29,1100,133848
2016/05/07,0.10,33,29,900,109512
2016/05/07,0.10,33,29,1200,146016
2016/05/07,0.10,33,29,3500,425880
2016/05/07,0.10,33,29,7000,851760
2016/05/07,0.10,33,29,500,60840
2016/05/07,0.10,33,29,800,97344
2016/05/10,0.47,33,30,527,64125
2016/05/10,0.47,33,30,391,47577
2016/05/10,0.47,33,30,497,60475
2016/05/10,0.47,33,30,800,97344
2016/05/10,0.47,33,30,231,28108
2016/10/08,0.59,33,28,229,21434
2016/10/11,0.37,33,28,1550,145080
2016/10/12,0.37,33,28,500,46800
2016/10/17,0.07,33,30,356,33322
2016/10/20,0.07,33,28,2000,468000
2016/10/21,0.07,33,30,2000,468000
2016/10/21,0.07,33,30,600,56160
2016/10/26,0.15,33,28,631,59062
2016/10/26,0.15,33,28,240,22464
2016/10/26,0.15,33,28,100,9360
2016/10/27,0.15,33,28,1446,121811
2016/10/28,0.15,33,28,213,17943
2016/10/28,0.15,33,28,822,69245
2016/10/28,0.15,33,28,186,15669
2016/11/11,0.37,33,28,1633,122279
2016/11/11,0.37,33,28,462,34595
2016/11/11,0.37,33,28,380,28454
2016/11/03,0.59,33,29,450,33696
2016/11/04,0.59,33,28,390,29203
2016/11/04,0.59,33,28,197,14751
2016/11/05,0.59,33,30,388,29053
2016/11/06,0.59,33,29,550,41184
2016/11/06,0.59,33,29,2159,161666
2016/11/07,0.59,33,29,2159,161666
2016/11/08,0.59,33,29,802,60054
2016/11/08,0.59,33,29,699,52341
2016/11/09,0.59,33,28,699,52341
2016/11/10,0.37,33,29,2000,149760
2016/11/23,0.37,33,30,2000,468000
2016/11/24,0.15,33,29,1100,82368
2016/11/24,0.15,33,29,1037,77651
2016/11/24,0.15,33,29,1731,129617
2016/11/29,0.15,33,27,2500,187200
2016/12/07,0.64,33,29,862,96820
2016/12/07,0.64,33,29,148,16623
2016/12/07,0.64,33,29,458,51443
2016/12/09,0.16,33,29,276,31000
2016/12/09,0.16,33,29,284,31899
2016/12/09,0.16,33,29,779,87497
2016/12/09,0.16,33,29,1717,192853
2016/12/11,0.16,33,28,500,117000
2016/12/13,0.16,33,29,731,82106
2016/12/14,0.16,33,28,1878,210937
2016/12/15,0.16,33,29,604,67841
2016/12/19,0.19,33,29,445,49982
2016/12/20,0.19,33,29,462,51892
2016/12/20,0.19,33,29,80,8986
2016/12/20,0.19,33,29,3300,370656
2016/12/21,0.19,33,30,349,39200
2016/12/22,0.19,33,30,416,46725
2016/12/23,0.21,33,29,316,35493
2016/12/23,0.21,33,29,752,84465
2016/12/24,0.21,33,29,1908,214307
2017/01/05,0.09,33,28,2200,514800
2017/01/05,0.09,33,28,800,112320
2017/01/05,0.09,33,28,700,98280
2017/01/05,0.09,33,28,800,112320
2017/01/05,0.09,33,28,600,84240
2017/01/06,0.09,33,28,900,126360
2017/01/06,0.09,33,28,500,70200
2017/01/06,0.09,33,28,600,84240
2017/01/06,0.09,33,28,870,122148
2017/01/06,0.09,33,28,560,78624
2017/01/06,0.09,33,28,1020,143208
2017/01/06,0.09,33,28,930,130572
2017/01/08,0.09,33,29,760,106704
2017/01/08,0.09,33,29,570,80028
2017/01/08,0.09,33,29,1200,168480
2017/01/09,0.16,33,29,1200,168480
2017/01/10,0.16,33,27,1100,154440
2017/01/10,0.16,33,27,600,84240
2017/01/10,0.16,33,27,790,110916
2017/01/11,0.16,33,28,960,134784
2017/01/11,0.16,33,28,870,122148
2017/01/11,0.16,33,28,600,84240
2017/01/15,0.16,33,29,1200,280800
2017/01/15,0.16,33,29,1000,234000
2017/01/16,0.19,33,28,600,84240
2017/02/07,0.22,33,28,665,93366
2017/02/07,0.22,33,28,790,110916
2017/02/09,0.22,33,29,670,94068
2017/02/09,0.22,33,29,560,78624
2017/02/13,0.23,33,28,3300,463320
2017/02/13,0.23,33,28,970,136188
2017/02/15,0.23,33,27,970,136188
2017/02/15,0.23,33,27,820,115128
2017/02/16,0.23,33,27,720,101088
2017/02/16,0.23,33,27,460,64584
2017/02/18,0.23,33,28,640,89856
2017/02/18,0.23,33,28,760,106704
2017/02/19,0.23,33,28,520,73008
2017/02/19,0.23,33,28,600,84240
2017/02/19,0.23,33,28,400,56160
2017/02/20,0.10,33,28,920,129168
2017/02/20,0.10,33,28,700,98280
2017/02/21,0.10,33,27,620,87048
2017/02/21,0.10,33,27,1170,164268
2017/02/21,0.10,33,27,6000,1404000
2017/02/21,0.10,33,27,430,60372
2017/02/23,0.10,33,29,430,60372
2017/03/04,0.01,33,29,802,150134
2017/03/05,0.01,33,29,310,58032
2017/03/06,0.11,33,28,124,23213
2017/03/07,0.11,33,28,102,19094
2017/03/08,0.11,33,29,45,8424
2017/03/09,0.11,33,30,87,16286
2017/03/17,0.04,33,29,900,210600
2017/03/18,0.04,33,28,332,77688
2017/03/19,0.04,33,29,766,179244
2017/03/21,0.20,33,28,211,39499
2017/03/22,0.20,33,28,100,18720
2017/03/24,0.20,33,29,290,67860
2017/03/25,0.20,33,29,111,25974
2017/03/26,0.20,33,28,92,21528
2017/03/27,0.20,33,30,432,101088
2017/03/29,0.20,33,29,222,41558
2017/04/05,0.21,33,29,1245,233064
2017/04/08,0.21,33,28,100,18720
2017/04/09,0.21,33,28,92,17222
2017/04/11,0.19,33,28,299,55973
2017/04/14,0.19,33,29,892,166982
2017/04/17,0.21,33,30,255,47736
2017/04/19,0.21,33,30,672,125798
2017/04/22,0.21,33,29,1000,187200
2017/04/25,0.21,33,30,177,33134
2017/04/27,0.21,33,29,544,101837
2017/05/10,0.01,33,29,527,64125
2017/05/10,0.01,33,29,391,47577
2017/05/10,0.01,33,29,497,60475
2017/05/10,0.01,33,29,800,97344
2017/05/10,0.01,33,29,231,28108
2017/05/12,0.01,33,29,1000,187200
2017/05/14,0.01,33,30,291,54475
2017/05/15,0.41,33,30,2993,560290
2017/05/18,0.41,33,31,992,185702
2017/06/03,0.34,33,29,5276,987667
2017/07/14,0.18,33,28,5502,1029974
2017/08/12,0.29,33,29,5502,1029974
2017/09/14,0.26,33,31,3668,686650
2017/10/18,0.24,33,30,2642,494582
2017/11/17,0.30,33,29,2642,494582
2017/12/24,0.60,33,30,3019,847735
2018/01/15,0.09,33,29,1474,275933
2018/01/21,0.20,33,28,1972,369158
2018/01/29,0.10,33,28,976,182707
2018/02/15,0.50,33,27,4974,931133
2018/03/29,0.30,33,30,4974,931133
2018/04/21,0.00,33,30,5328,997402
2018/05/29,0.08,33,30,5328,1446232
2018/06/29,0.00,33,28,5328,1446232
2018/07/21,0.40,33,29,5328,1246752
2018/08/21,0.26,33,30,5585,1463717
2018/09/21,0.26,34,31,3723,696946
2018/10/21,0.26,34,31,2668,499450
2018/11/29,0.26,33,30,2668,599340
2018/12/29,0.26,33,30,3049,799082
2019/01/21,0.26,33,27,3758,1054895
2019/02/21,0.26,33,29,4228,1108074
2019/04/21,0.26,33,30,4262,1196371
2019/05/21,0.37,33,30,4262,797846
2019/06/21,0.37,33,30,4262,997308
2019/07/29,0.19,33,30,3703,1039456
2019/08/29,0.19,33,30,3703,1039456
2019/09/21,0.19,34,32,2468,577512
2019/10/21,0.19,34,33,2640,494208
2019/11/21,0.19,33,30,2640,494208
2019/12/21,0.47,33,31,3018,706212
2020/01/10,0.59,33,27,3000,842400
2020/02/10,0.37,33,29,3375,947700
2020/03/06,0.37,33,30,1000,280800
2020/03/07,0.07,33,29,2653,744962
2020/03/11,0.07,33,29,278,78062
2020/04/17,0.07,33,29,2538,712670
2020/05/06,0.07,33,28,2538,712433
2020/06/04,0.15,33,30,2538,712433
2020/07/07,0.15,33,28,723,193747
2020/07/14,0.15,33,29,89,24991
2020/07/16,0.15,33,29,555,155844
2020/07/19,0.15,33,30,876,245981
2020/07/21,0.15,33,29,1347,378238
2020/07/24,0.15,33,30,422,109729
2020/08/06,0.37,33,29,3258,914846
2020/09/16,0.37,34,30,2172,609898
2020/10/17,0.37,34,29,2485,697788
2020/11/12,0.59,33,30,2485,697555
2020/12/11,0.59,33,28,2000,561600
2020/12/16,0.59,33,29,840,212285
2021/01/18,0.59,33,27,2278,639662
2021/01/19,0.59,33,28,2563,719747
2021/01/20,0.59,33,28,2563,719747
2021/01/21,0.59,33,27,3290,923944
2021/01/22,0.59,33,29,3290,923944
2021/01/23,0.59,33,28,3290,923944
2021/01/24,0.54,33,27,3409,957303
2021/01/25,0.23,33,28,3409,957303
2021/01/26,0.23,33,28,2273,638202
2021/01/27,0.18,33,27,2510,704864
2021/01/28,0.18,33,27,2510,704864
2021/01/29,0.29,33,28,2869,805559
2021/02/18,0.57,33,28,2563,957428
2021/03/18,0.57,33,29,2563,715612
2021/04/18,0.57,33,28,3290,923832
2021/05/18,0.57,33,29,3290,1077804
2021/06/18,0.57,33,29,3290,893038
2021/07/18,0.27,33,30,3409,861522
2021/08/18,0.27,33,29,3409,951504
2021/09/18,0.27,33,31,2273,638258
2021/10/18,0.27,33,28,2510,733000
2021/11/18,0.27,33,29,2519,801647
2021/12/18,0.27,33,30,2800,891072
2022/01/18,0.49,33,28,2302,646402
2022/02/18,0.49,33,27,2589,896380
2022/03/18,0.49,33,29,2589,702758
2022/04/18,0.49,33,30,3340,875347
2022/05/18,0.49,33,29,3340,941311
2022/06/18,0.49,33,28,3340,1094184
2022/07/18,0.44,33,30,3477,943797
2022/08/18,0.44,33,30,3477,976342
2022/09/18,0.32,33,29,2318,648725
2022/10/18,0.32,33,29,2450,687960
2022/11/18,0.70,33,29,2450,687960
2022/12/18,0.80,33,30,2800,786240